{
  "lr": 0.0001015873242036703,
  "dropout": 0.1678133082548548,
  "neg_ratio": 0.12896147782105927,
  "thr_bin": 0.5733159779664878,
  "labeled_ratio": 0.5252395562621697,
  "t_bce": 0.274789418129729,
  "t_dice": 0.8875498891476278,
  "t_hd": 0.6983737295321358,
  "s_bce": 0.5988762295199027,
  "s_dice": 0.23548238049689138
}